﻿[
    {
        "id": "1",
        "name": "A"
    },
    {
        "id": "2",
        "name": "B"
    },
    {
        "id": "3",
        "name": "C"
    },
    {
        "id": "4",
        "name": "D"
    },
    {
        "id": "5",
        "name": "E"
    },
    {
        "id": "6",
        "name": "BE"
    },
    {
        "id": "7",
        "name": "CE"
    },
    {
        "id": "8",
        "name": "DE"
    },
    {
        "id": "9",
        "name": "TM"
    },
    {
        "id": "10",
        "name": "TB"
    }
]