﻿
[
    {
        "id": "1",
        "name": "Высшее"
    },
    {
        "id": "2",
        "name": "Бакалавр"
    },
    {
        "id": "3",
        "name": "Магистр"
    },
    {
        "id": "4",
        "name": "Кандидат наук"
    },
    {
        "id": "5",
        "name": "Доктор наук"
    },
    {
        "id": "6",
        "name": "Неоконченное высшее"
    },
    {
        "id": "7",
        "name": "Среднее"
    },
    {
        "id": "8",
        "name": "Среднее специальное"
    }
]