﻿[
    {
       "id":1,
       "name":"Перевозки, логистика, склад, ВЭД",
       "industries":[
          {
             "id":2,
             "name":"Автомобильные перевозки",
             "parent_id":1
          },
          {
             "id":3,
             "name":"Морские, речные перевозки",
             "parent_id":1
          },
          {
             "id":4,
             "name":"Транспортно-логистические комплексы, порты (воздушный, водный, железнодорожный)",
             "parent_id":1
          },
          {
             "id":5,
             "name":"Авиаперевозки",
             "parent_id":1
          },
          {
             "id":6,
             "name":"Курьерская, почтовая доставка",
             "parent_id":1
          },
          {
             "id":7,
             "name":"ВЭД, таможенное оформление",
             "parent_id":1
          },
          {
             "id":8,
             "name":"Железнодорожные перевозки",
             "parent_id":1
          },
          {
             "id":9,
             "name":"Складские услуги",
             "parent_id":1
          }
       ],
       "parent_id":null
    },
    {
       "id":10,
       "name":"Информационные технологии, системная интеграция, интернет",
       "industries":[
          {
             "id":11,
             "name":"Разработка программного обеспечения",
             "parent_id":10
          },
          {
             "id":12,
             "name":"Интернет-провайдер",
             "parent_id":10
          },
          {
             "id":13,
             "name":"Системная интеграция,  автоматизации технологических и бизнес-процессов предприятия, ИТ-консалтинг",
             "parent_id":10
          },
          {
             "id":14,
             "name":"Интернет-компания (поисковики, платежные системы, соц.сети, информационно-познавательные и развлекательные ресурсы, продвижение сайтов и прочее)",
             "parent_id":10
          }
       ],
       "parent_id":null
    },
    {
       "id":15,
       "name":"Электроника, приборостроение, бытовая техника, компьютеры и оргтехника",
       "industries":[
          {
             "id":16,
             "name":"Бытовая техника, электроника, климатическое оборудование (продвижение, оптовая торговля)",
             "parent_id":15
          },
          {
             "id":17,
             "name":"Бытовая техника, электроника, климатическое оборудование (монтаж, сервис, ремонт)",
             "parent_id":15
          },
          {
             "id":18,
             "name":"Электронно-вычислительная, оптическая, контрольно-измерительная техника, радиоэлектроника, автоматика (монтаж, сервис, ремонт)",
             "parent_id":15
          },
          {
             "id":19,
             "name":"Промышленное, бытовое электрооборудование и электротехника (производство)",
             "parent_id":15
          },
          {
             "id":20,
             "name":"Промышленное, бытовое электрооборудование и электротехника (монтаж, сервис, ремонт)",
             "parent_id":15
          },
          {
             "id":21,
             "name":"Электронно-вычислительная, оптическая, контрольно-измерительная техника, радиоэлектроника, автоматика (продвижение, оптовая торговля)",
             "parent_id":15
          },
          {
             "id":22,
             "name":"Промышленное, бытовое электрооборудование и электротехника (продвижение, оптовая торговля)",
             "parent_id":15
          },
          {
             "id":23,
             "name":"Бытовая техника, электроника, климатическое оборудование (производство)",
             "parent_id":15
          },
          {
             "id":24,
             "name":"Электронно-вычислительная, оптическая, контрольно-измерительная техника, радиоэлектроника, автоматика (производство)",
             "parent_id":15
          }
       ],
       "parent_id":null
    },
    {
       "id":25,
       "name":"Телекоммуникации, связь",
       "industries":[
          {
             "id":26,
             "name":"Мобильная связь",
             "parent_id":25
          },
          {
             "id":27,
             "name":"Спутниковая связь",
             "parent_id":25
          },
          {
             "id":28,
             "name":"Фиксированная связь",
             "parent_id":25
          },
          {
             "id":29,
             "name":"Оптоволоконная связь",
             "parent_id":25
          }
       ],
       "parent_id":null
    },
    {
       "id":30,
       "name":"СМИ, маркетинг, реклама, BTL, PR, дизайн, продюсирование",
       "industries":[
          {
             "id":31,
             "name":"Маркетинговые, рекламные, BTL, дизайнерские, Event-, PR-агентства, организация выставок",
             "parent_id":30
          },
          {
             "id":32,
             "name":"Производство печатной, полиграфической продукции",
             "parent_id":30
          },
          {
             "id":33,
             "name":"Распространение мультимедиа и печатной продукции",
             "parent_id":30
          },
          {
             "id":34,
             "name":"Теле- и радиовещание",
             "parent_id":30
          },
          {
             "id":35,
             "name":"Продюсерский центр",
             "parent_id":30
          },
          {
             "id":36,
             "name":"Производство мультимедиа, контента, редакторская деятельность",
             "parent_id":30
          },
          {
             "id":37,
             "name":"Киностудии и студии звукозаписи",
             "parent_id":30
          },
          {
             "id":38,
             "name":"Издательская деятельность",
             "parent_id":30
          },
          {
             "id":39,
             "name":"Распространение телепрограмм, кино (кабельное телевидение)",
             "parent_id":30
          },
          {
             "id":40,
             "name":"Производство и продажа рекламно-сувенирной продукции",
             "parent_id":30
          }
       ],
       "parent_id":null
    },
    {
       "id":41,
       "name":"Строительство, недвижимость, эксплуатация, проектирование",
       "industries":[
          {
             "id":42,
             "name":"Агентские услуги в недвижимости",
             "parent_id":41
          },
          {
             "id":43,
             "name":"Строительство объектов нефтегазовой отрасли",
             "parent_id":41
          },
          {
             "id":44,
             "name":"Консалтинг, оценка в недвижимости",
             "parent_id":41
          },
          {
             "id":45,
             "name":"Девелопмент",
             "parent_id":41
          },
          {
             "id":46,
             "name":"Строительство объектов телекоммуникационной отрасли",
             "parent_id":41
          },
          {
             "id":47,
             "name":"Строительство дорожное и инфраструктурное",
             "parent_id":41
          },
          {
             "id":48,
             "name":"Строительство объектов металлургической отрасли",
             "parent_id":41
          },
          {
             "id":49,
             "name":"Строительство коммерческих объектов (торговые площади, офисные здания)",
             "parent_id":41
          },
          {
             "id":50,
             "name":"Управление и эксплуатация недвижимости",
             "parent_id":41
          },
          {
             "id":51,
             "name":"Строительство энергетическое",
             "parent_id":41
          },
          {
             "id":52,
             "name":"Строительство жилищное",
             "parent_id":41
          },
          {
             "id":53,
             "name":"Строительство промышленное",
             "parent_id":41
          },
          {
             "id":54,
             "name":"Архитектура, проектирование",
             "parent_id":41
          }
       ],
       "parent_id":null
    },
    {
       "id":55,
       "name":"Автомобильный бизнес",
       "industries":[
          {
             "id":56,
             "name":"Автозапчасти, шины (розничная торговля)",
             "parent_id":55
          },
          {
             "id":57,
             "name":"Легковые, грузовые автомобили, мототехника, автобусы, троллейбусы (продвижение, оптовая торговля)",
             "parent_id":55
          },
          {
             "id":58,
             "name":"Финансовые услуги (кэптивные банки и лизинговые компании)",
             "parent_id":55
          },
          {
             "id":59,
             "name":"Розничная торговля автомобилями (дилерский центр)",
             "parent_id":55
          },
          {
             "id":60,
             "name":"Автокомпоненты, запчасти (производство)",
             "parent_id":55
          },
          {
             "id":61,
             "name":"Легковые, грузовые автомобили, мототехника, автобусы, троллейбусы (производство)",
             "parent_id":55
          },
          {
             "id":62,
             "name":"Техническое обслуживание, ремонт автомобилей",
             "parent_id":55
          },
          {
             "id":63,
             "name":"Автокомпоненты, запчасти, шины (продвижение, оптовая торговля)",
             "parent_id":55
          }
       ],
       "parent_id":null
    },
    {
       "id":64,
       "name":"Лесная промышленность, деревообработка",
       "industries":[
          {
             "id":65,
             "name":"Продукция деревообработки (продвижение, оптовая торговля)",
             "parent_id":64
          },
          {
             "id":66,
             "name":"Деревообработка (производство)",
             "parent_id":64
          },
          {
             "id":67,
             "name":"Столярно-строительные изделия (продвижение, оптовая торговля)",
             "parent_id":64
          },
          {
             "id":68,
             "name":"Целлюлозно-бумажная продукция (продвижение, оптовая торговля)",
             "parent_id":64
          },
          {
             "id":69,
             "name":"Столярно-строительные изделия (производство)",
             "parent_id":64
          },
          {
             "id":70,
             "name":"Целлюлозно-бумажное производство",
             "parent_id":64
          }
       ],
       "parent_id":null
    },
    {
       "id":71,
       "name":"Металлургия, металлообработка",
       "industries":[
          {
             "id":72,
             "name":"Металлические изделия, металлоконструкции (продвижение, оптовая торговля)",
             "parent_id":71
          },
          {
             "id":73,
             "name":"Продукция черной металлургии (продвижение, оптовая торговля)",
             "parent_id":71
          },
          {
             "id":74,
             "name":"Драгоценные, благородные и редкие металлы (продвижение, оптовая торговля)",
             "parent_id":71
          },
          {
             "id":75,
             "name":"Металлические изделия, металлоконструкции (производство)",
             "parent_id":71
          },
          {
             "id":76,
             "name":"Цветная металлургия (выплавка, металлопрокат)",
             "parent_id":71
          },
          {
             "id":77,
             "name":"Продукция цветной металлургии (продвижение, оптовая торговля)",
             "parent_id":71
          },
          {
             "id":78,
             "name":"Драгоценные, благородные и редкие металлы (производство)",
             "parent_id":71
          },
          {
             "id":79,
             "name":"Черная металлургия (производство чугуна, стали, проката)",
             "parent_id":71
          }
       ],
       "parent_id":null
    },
    {
       "id":80,
       "name":"Продукты питания",
       "industries":[
          {
             "id":81,
             "name":"Мясная продукция (продвижение, оптовая торговля)",
             "parent_id":80
          },
          {
             "id":82,
             "name":"Безалкогольные напитки (продвижение, оптовая торговля)",
             "parent_id":80
          },
          {
             "id":83,
             "name":"Рыба и морепродукты (производство)",
             "parent_id":80
          },
          {
             "id":84,
             "name":"Рыба и морепродукты (продвижение, оптовая торговля)",
             "parent_id":80
          },
          {
             "id":85,
             "name":"Мясная продукция (производство)",
             "parent_id":80
          },
          {
             "id":86,
             "name":"Свежие овощи, фрукты (продвижение, оптовая торговля)",
             "parent_id":80
          },
          {
             "id":87,
             "name":"Чай, кофе (продвижение, оптовая торговля)",
             "parent_id":80
          },
          {
             "id":88,
             "name":"Чай, кофе (производство)",
             "parent_id":80
          },
          {
             "id":89,
             "name":"Ликероводочная продукция (производство)",
             "parent_id":80
          },
          {
             "id":90,
             "name":"Кондитерские изделия (продвижение, оптовая торговля)",
             "parent_id":80
          },
          {
             "id":91,
             "name":"Сахар (производство)",
             "parent_id":80
          },
          {
             "id":92,
             "name":"Сахар (продвижение, оптовая торговля)",
             "parent_id":80
          },
          {
             "id":93,
             "name":"Кондитерские изделия (производство)",
             "parent_id":80
          },
          {
             "id":94,
             "name":"Алкогольные напитки (продвижение, оптовая торговля)",
             "parent_id":80
          },
          {
             "id":95,
             "name":"Снеки (продвижение, оптовая торговля)",
             "parent_id":80
          },
          {
             "id":96,
             "name":"Вино (производство)",
             "parent_id":80
          },
          {
             "id":97,
             "name":"Хлебобулочные изделия (производство)",
             "parent_id":80
          },
          {
             "id":98,
             "name":"Пиво (производство)",
             "parent_id":80
          },
          {
             "id":99,
             "name":"Детское питание (продвижение, оптовая торговля)",
             "parent_id":80
          },
          {
             "id":100,
             "name":"Молочная продукция (продвижение, оптовая торговля)",
             "parent_id":80
          },
          {
             "id":101,
             "name":"Полуфабрикаты, в том числе замороженные (производство)",
             "parent_id":80
          },
          {
             "id":102,
             "name":"Корма для животных (производство)",
             "parent_id":80
          },
          {
             "id":103,
             "name":"Детское питание (производство)",
             "parent_id":80
          },
          {
             "id":104,
             "name":"Мука, крупы (производство)",
             "parent_id":80
          },
          {
             "id":105,
             "name":"Пищевые концентраты (производство)",
             "parent_id":80
          },
          {
             "id":106,
             "name":"Безалкогольные напитки (производство)",
             "parent_id":80
          },
          {
             "id":107,
             "name":"Консервированная продукция (производство)",
             "parent_id":80
          },
          {
             "id":108,
             "name":"Снеки (производство)",
             "parent_id":80
          },
          {
             "id":109,
             "name":"Корма для животных (продвижение, оптовая торговля)",
             "parent_id":80
          },
          {
             "id":110,
             "name":"Макаронные изделия (продвижение, оптовая торговля)",
             "parent_id":80
          },
          {
             "id":111,
             "name":"Консервированная продукция (продвижение, оптовая торговля)",
             "parent_id":80
          },
          {
             "id":112,
             "name":"Масложировая продукция (производство)",
             "parent_id":80
          },
          {
             "id":113,
             "name":"Пищевые концентраты (продвижение, оптовая торговля)",
             "parent_id":80
          },
          {
             "id":114,
             "name":"Масложировая продукция (продвижение, оптовая торговля)",
             "parent_id":80
          },
          {
             "id":115,
             "name":"Молочная продукция (производство)",
             "parent_id":80
          },
          {
             "id":116,
             "name":"Мука, крупы (продвижение, оптовая торговля)",
             "parent_id":80
          },
          {
             "id":117,
             "name":"Полуфабрикаты, в том числе замороженные  (продвижение, оптовая торговля)",
             "parent_id":80
          },
          {
             "id":118,
             "name":"Макаронные изделия (производство)",
             "parent_id":80
          },
          {
             "id":119,
             "name":"Хлебобулочные изделия (продвижение, оптовая торговля)",
             "parent_id":80
          }
       ],
       "parent_id":null
    },
    {
       "id":120,
       "name":"Сельское хозяйство",
       "industries":[
          {
             "id":121,
             "name":"Сельскохозяйственная продукция (продвижение, оптовая торговля)",
             "parent_id":120
          },
          {
             "id":122,
             "name":"Земледелие, растениеводство, животноводство",
             "parent_id":120
          },
          {
             "id":123,
             "name":"Рыболовство, рыбоводство",
             "parent_id":120
          }
       ],
       "parent_id":null
    },
    {
       "id":124,
       "name":"Тяжелое машиностроение",
       "industries":[
          {
             "id":125,
             "name":"Продукция железнодорожного машиностроения, вагоностроения (монтаж, сервис, ремонт)",
             "parent_id":124
          },
          {
             "id":126,
             "name":"Двигатели (производство)",
             "parent_id":124
          },
          {
             "id":127,
             "name":"Продукция авиационной, аэрокосмической, вертолетной промышленности (продвижение, оптовая торговля)",
             "parent_id":124
          },
          {
             "id":128,
             "name":"Железнодорожное машиностроение, вагоностроение",
             "parent_id":124
          },
          {
             "id":129,
             "name":"Двигатели (монтаж, сервис, ремонт)",
             "parent_id":124
          },
          {
             "id":130,
             "name":"Судоремонт",
             "parent_id":124
          },
          {
             "id":131,
             "name":"Производство и ремонт военной техники, оборудования и вооружения",
             "parent_id":124
          },
          {
             "id":132,
             "name":"Авиационная, вертолетная, аэрокосмическая промышленность",
             "parent_id":124
          },
          {
             "id":133,
             "name":"Продукция судостроения (продвижение, оптовая торговля)",
             "parent_id":124
          },
          {
             "id":134,
             "name":"Продукция авиационной, аэрокосмической, вертолетной промышленности (монтаж, сервис, ремонт)",
             "parent_id":124
          },
          {
             "id":135,
             "name":"Судостроение",
             "parent_id":124
          },
          {
             "id":136,
             "name":"Продукция железнодорожного машиностроения, вагоностроения (продвижение, оптовая торговля)",
             "parent_id":124
          },
          {
             "id":137,
             "name":"Двигатели (продвижение, оптовая торговля)",
             "parent_id":124
          }
       ],
       "parent_id":null
    },
    {
       "id":138,
       "name":"Химическое производство, удобрения",
       "industries":[
          {
             "id":139,
             "name":"Неорганическая химия (продвижение, оптовая торговля)",
             "parent_id":138
          },
          {
             "id":140,
             "name":"Агрохимия (производство)",
             "parent_id":138
          },
          {
             "id":141,
             "name":"Органическая химия (производство)",
             "parent_id":138
          },
          {
             "id":142,
             "name":"Бетон, кирпич, стекло и прочие силикаты (продвижение, оптовая торговля)",
             "parent_id":138
          },
          {
             "id":143,
             "name":"Резина, пластмасса и прочее (производство)",
             "parent_id":138
          },
          {
             "id":144,
             "name":"Лакокрасочная продукция, сырье (продвижение, оптовая торговля)",
             "parent_id":138
          },
          {
             "id":145,
             "name":"Лакокрасочная продукция, сырье (производство)",
             "parent_id":138
          },
          {
             "id":146,
             "name":"Неорганическая химия (производство)",
             "parent_id":138
          },
          {
             "id":147,
             "name":"Бетон, кирпич, стекло и прочие силикаты (производство)",
             "parent_id":138
          },
          {
             "id":148,
             "name":"Органическая химия (продвижение, оптовая торговля)",
             "parent_id":138
          },
          {
             "id":149,
             "name":"Резина, пластмасса и прочее (продвижение, оптовая торговля)",
             "parent_id":138
          },
          {
             "id":150,
             "name":"Агрохимия (продвижение, оптовая торговля)",
             "parent_id":138
          }
       ],
       "parent_id":null
    },
    {
       "id":151,
       "name":"Государственные организации",
       "industries":[
          {
             "id":152,
             "name":"Государственные организации",
             "parent_id":151
          }
       ],
       "parent_id":null
    },
    {
       "id":153,
       "name":"Общественная деятельность, партии, благотворительность, НКО",
       "industries":[
          {
             "id":154,
             "name":"Фонд, грантодатель",
             "parent_id":153
          },
          {
             "id":155,
             "name":"Общественная, политическая организация",
             "parent_id":153
          },
          {
             "id":156,
             "name":"Ассоциация в сфере культуры, искусства",
             "parent_id":153
          },
          {
             "id":157,
             "name":"Благотворительная организация",
             "parent_id":153
          },
          {
             "id":158,
             "name":"Религиозная организация",
             "parent_id":153
          },
          {
             "id":159,
             "name":"Спортивная федерация",
             "parent_id":153
          },
          {
             "id":160,
             "name":"Профессиональная, предпринимательская организация",
             "parent_id":153
          }
       ],
       "parent_id":null
    },
    {
       "id":161,
       "name":"Образовательные учреждения",
       "industries":[
          {
             "id":162,
             "name":"Обучение иностранным языкам",
             "parent_id":161
          },
          {
             "id":163,
             "name":"Тренинговые компании",
             "parent_id":161
          },
          {
             "id":164,
             "name":"Вуз, ссуз колледж, ПТУ",
             "parent_id":161
          },
          {
             "id":165,
             "name":"Повышение квалификации, переквалификация",
             "parent_id":161
          },
          {
             "id":166,
             "name":"Интернат, детский дом",
             "parent_id":161
          },
          {
             "id":167,
             "name":"Школа, детский сад",
             "parent_id":161
          },
          {
             "id":168,
             "name":"Спортивное обучение",
             "parent_id":161
          },
          {
             "id":169,
             "name":"Бизнес-образование",
             "parent_id":161
          },
          {
             "id":170,
             "name":"Научно-исследовательская, научная, академическая деятельность",
             "parent_id":161
          },
          {
             "id":171,
             "name":"Автошкола",
             "parent_id":161
          },
          {
             "id":172,
             "name":"Обучение искусствам (рисование, пение, танцы, фото)",
             "parent_id":161
          }
       ],
       "parent_id":null
    },
    {
       "id":173,
       "name":"Розничная торговля",
       "industries":[
          {
             "id":174,
             "name":"Розничная сеть (продуктовая)",
             "parent_id":173
          },
          {
             "id":175,
             "name":"Розничная сеть (парфюмерия, косметика)",
             "parent_id":173
          },
          {
             "id":176,
             "name":"Вендинг (торговля через автоматы)",
             "parent_id":173
          },
          {
             "id":177,
             "name":"Зоомагазин",
             "parent_id":173
          },
          {
             "id":178,
             "name":"Розничная сеть (книги, игрушки, подарки, часы и прочее)",
             "parent_id":173
          },
          {
             "id":179,
             "name":"Розничная сеть (одежда, обувь, аксессуары)",
             "parent_id":173
          },
          {
             "id":180,
             "name":"Несетевая розница, мелкий опт",
             "parent_id":173
          },
          {
             "id":181,
             "name":"Розничная сеть (мебель)",
             "parent_id":173
          },
          {
             "id":182,
             "name":"Розничная сеть (DIY и товары для дома)",
             "parent_id":173
          },
          {
             "id":183,
             "name":"Розничная сеть (ювелирные изделия)",
             "parent_id":173
          },
          {
             "id":184,
             "name":"Розничная сеть (спортивные товары)",
             "parent_id":173
          },
          {
             "id":185,
             "name":"Розничная сеть (мобильный ретейл)",
             "parent_id":173
          },
          {
             "id":186,
             "name":"Розничная сеть (товары для детей)",
             "parent_id":173
          },
          {
             "id":187,
             "name":"Розничная сеть (drogerie, товары повседневного спроса)",
             "parent_id":173
          },
          {
             "id":188,
             "name":"Розничная сеть (электроника, бытовая техника)",
             "parent_id":173
          },
          {
             "id":189,
             "name":"Интернет-магазин",
             "parent_id":173
          }
       ],
       "parent_id":null
    },
    {
       "id":190,
       "name":"Товары народного потребления (непищевые)",
       "industries":[
          {
             "id":191,
             "name":"Канцтовары, расходные материалы (продвижение, оптовая торговля)",
             "parent_id":190
          },
          {
             "id":192,
             "name":"Посуда, свет, товары для дома  (производство)",
             "parent_id":190
          },
          {
             "id":193,
             "name":"Стройматериалы, сборные конструкции для ремонта и строительства (производство, монтаж, сервис, ремонт)",
             "parent_id":190
          },
          {
             "id":194,
             "name":"Канцтовары, расходные материалы (производство)",
             "parent_id":190
          },
          {
             "id":195,
             "name":"Бытовая химия, парфюмерия, косметика  (продвижение, оптовая торговля)",
             "parent_id":190
          },
          {
             "id":196,
             "name":"Товары для детей (производство)",
             "parent_id":190
          },
          {
             "id":197,
             "name":"Ювелирные изделия, бижутерия  (производство)",
             "parent_id":190
          },
          {
             "id":198,
             "name":"Мебель (продвижение, оптовая торговля)",
             "parent_id":190
          },
          {
             "id":199,
             "name":"Спортивные товары и оборудование (продвижение, оптовая торговля)",
             "parent_id":190
          },
          {
             "id":200,
             "name":"Мебель (производство)",
             "parent_id":190
          },
          {
             "id":201,
             "name":"Одежда, обувь, аксессуары, текстиль  (продвижение, оптовая торговля)",
             "parent_id":190
          },
          {
             "id":202,
             "name":"Одежда, обувь, аксессуары, текстиль (производство)",
             "parent_id":190
          },
          {
             "id":203,
             "name":"Табак  (производство)",
             "parent_id":190
          },
          {
             "id":204,
             "name":"Табак  (продвижение, оптовая торговля)",
             "parent_id":190
          },
          {
             "id":205,
             "name":"Товары для детей (продвижение, оптовая торговля)",
             "parent_id":190
          },
          {
             "id":206,
             "name":"Сантехника (производство)",
             "parent_id":190
          },
          {
             "id":207,
             "name":"Посуда, свет, товары для дома  (продвижение, оптовая торговля)",
             "parent_id":190
          },
          {
             "id":208,
             "name":"Сантехника (продвижение, оптовая торговля)",
             "parent_id":190
          },
          {
             "id":209,
             "name":"Стройматериалы, сборные конструкции для ремонта и строительства (продвижение, оптовая торговля)",
             "parent_id":190
          },
          {
             "id":210,
             "name":"Ювелирные изделия, бижутерия  (продвижение, оптовая торговля)",
             "parent_id":190
          },
          {
             "id":211,
             "name":"Бытовая химия, парфюмерия, косметика  (производство)",
             "parent_id":190
          },
          {
             "id":212,
             "name":"Спортивные товары и оборудование (производство)",
             "parent_id":190
          }
       ],
       "parent_id":null
    },
    {
       "id":213,
       "name":"Финансовый сектор",
       "industries":[
          {
             "id":214,
             "name":"Аудит, управленческий учет, финансово-юридический консалтинг",
             "parent_id":213
          },
          {
             "id":215,
             "name":"НПФ",
             "parent_id":213
          },
          {
             "id":216,
             "name":"Финансово-кредитное посредничество (биржа, брокерская деятельность, выпуск и обслуживание карт, оценка рисков, обменные пункты, агентства по кредитованию, инкассация, ломбард, платежные системы)",
             "parent_id":213
          },
          {
             "id":217,
             "name":"Банк",
             "parent_id":213
          },
          {
             "id":218,
             "name":"Коллекторская деятельность",
             "parent_id":213
          },
          {
             "id":219,
             "name":"Факторинговые компании",
             "parent_id":213
          },
          {
             "id":220,
             "name":"Управляющая, инвестиционная компания (управление активами)",
             "parent_id":213
          },
          {
             "id":221,
             "name":"Страхование, перестрахование",
             "parent_id":213
          },
          {
             "id":222,
             "name":"Услуги по ведению бухгалтерского и налогового учета, расчет заработной платы",
             "parent_id":213
          },
          {
             "id":223,
             "name":"Лизинговые компании",
             "parent_id":213
          }
       ],
       "parent_id":null
    },
    {
       "id":224,
       "name":"Услуги для бизнеса",
       "industries":[
          {
             "id":225,
             "name":"Услуги по организации поездок и бронированию",
             "parent_id":224
          },
          {
             "id":226,
             "name":"Безопасность, охранная деятельность",
             "parent_id":224
          },
          {
             "id":227,
             "name":"Контроль качества, экспертиза, испытания и сертификация",
             "parent_id":224
          },
          {
             "id":228,
             "name":"Колл-центры, диспетчерские службы",
             "parent_id":224
          },
          {
             "id":229,
             "name":"Экологическое обслуживание, водоочистка, утилизация отходов",
             "parent_id":224
          },
          {
             "id":230,
             "name":"Консалтинговые услуги",
             "parent_id":224
          },
          {
             "id":231,
             "name":"Переводческая деятельность",
             "parent_id":224
          },
          {
             "id":232,
             "name":"Кадровые агентства",
             "parent_id":224
          },
          {
             "id":233,
             "name":"Юридическое обслуживание",
             "parent_id":224
          }
       ],
       "parent_id":null
    },
    {
       "id":234,
       "name":"Добывающая отрасль",
       "industries":[
          {
             "id":235,
             "name":"Добыча и обогащение угля",
             "parent_id":234
          },
          {
             "id":236,
             "name":"Инженерно-изыскательские, гидрогеологические, геологоразведочные работы",
             "parent_id":234
          },
          {
             "id":237,
             "name":"Добыча и обогащение руд черных, цветных, драгоценных, благородных, редких металлов",
             "parent_id":234
          },
          {
             "id":238,
             "name":"Добыча и обогащение минерального сырья (соль, сера, глинозем), разработка карьеров (песок, глина, камень), добыча торфа",
             "parent_id":234
          }
       ],
       "parent_id":null
    },
    {
       "id":239,
       "name":"Энергетика",
       "industries":[
          {
             "id":240,
             "name":"Передача, распределение электроэнергии",
             "parent_id":239
          },
          {
             "id":241,
             "name":"Сбыт и потребление электроэнергии",
             "parent_id":239
          },
          {
             "id":242,
             "name":"Теплоснабжение (ТЭЦ)",
             "parent_id":239
          },
          {
             "id":243,
             "name":"Инфраструктурная компания в энергетике (СО ЕЭС, АТС, ЦФР и т.п.)",
             "parent_id":239
          },
          {
             "id":244,
             "name":"Консалтинг в области энергоэффективности",
             "parent_id":239
          },
          {
             "id":245,
             "name":"Атомная энергетика (генерация электроэнергии, АЭС)",
             "parent_id":239
          },
          {
             "id":246,
             "name":"Альтернативная энергетика: гео-, ветро-, солнце-, био- (генерация электроэнергии)",
             "parent_id":239
          },
          {
             "id":247,
             "name":"Гидроэнергетика (генерация электроэнергии, ГЭС)",
             "parent_id":239
          },
          {
             "id":248,
             "name":"Теплоэнергетика (генерация электроэнергии и тепла, ТЭС)",
             "parent_id":239
          }
       ],
       "parent_id":null
    },
    {
       "id":249,
       "name":"Нефть и газ",
       "industries":[
          {
             "id":250,
             "name":"Добыча нефти",
             "parent_id":249
          },
          {
             "id":251,
             "name":"Нефтехимия (продвижение, оптовая торговля)",
             "parent_id":249
          },
          {
             "id":252,
             "name":"Добыча газа",
             "parent_id":249
          },
          {
             "id":253,
             "name":"ГСМ, топливо (продвижение, оптовая торговля)",
             "parent_id":249
          },
          {
             "id":254,
             "name":"Нефтепереработка, нефтехимия (производство)",
             "parent_id":249
          },
          {
             "id":255,
             "name":"Транспортировка, хранение нефти",
             "parent_id":249
          },
          {
             "id":256,
             "name":"Транспортировка, хранение газа",
             "parent_id":249
          },
          {
             "id":257,
             "name":"Переработка газа",
             "parent_id":249
          },
          {
             "id":258,
             "name":"ГСМ, топливо (розничная торговля)",
             "parent_id":249
          }
       ],
       "parent_id":null
    },
    {
       "id":259,
       "name":"Медицина, фармацевтика, аптеки",
       "industries":[
          {
             "id":260,
             "name":"Ветеринарная аптека",
             "parent_id":259
          },
          {
             "id":261,
             "name":"Фармацевтическая продукция (производство)",
             "parent_id":259
          },
          {
             "id":262,
             "name":"Аптека, оптика",
             "parent_id":259
          },
          {
             "id":263,
             "name":"Лаборатория, исследовательский центр",
             "parent_id":259
          },
          {
             "id":264,
             "name":"Клинические исследования",
             "parent_id":259
          },
          {
             "id":265,
             "name":"Фармацевтическая продукция (продвижение, оптовая торговля)",
             "parent_id":259
          },
          {
             "id":266,
             "name":"Лечебно-профилактические учреждения",
             "parent_id":259
          },
          {
             "id":267,
             "name":"Учреждение соц.помощи и защиты",
             "parent_id":259
          },
          {
             "id":268,
             "name":"Ветеринарная деятельность",
             "parent_id":259
          }
       ],
       "parent_id":null
    },
    {
       "id":269,
       "name":"Услуги для населения",
       "industries":[
          {
             "id":270,
             "name":"Спортивные и фитнес-клубы",
             "parent_id":269
          },
          {
             "id":271,
             "name":"Туристические компании",
             "parent_id":269
          },
          {
             "id":272,
             "name":"Ритуальные услуги",
             "parent_id":269
          },
          {
             "id":273,
             "name":"Пошив, ремонт одежды и обуви",
             "parent_id":269
          },
          {
             "id":274,
             "name":"Аренда автомобилей",
             "parent_id":269
          },
          {
             "id":275,
             "name":"Домашний персонал",
             "parent_id":269
          },
          {
             "id":276,
             "name":"Такси",
             "parent_id":269
          },
          {
             "id":277,
             "name":"Игорный бизнес",
             "parent_id":269
          },
          {
             "id":278,
             "name":"Салоны красоты",
             "parent_id":269
          },
          {
             "id":279,
             "name":"Химчистка",
             "parent_id":269
          },
          {
             "id":280,
             "name":"Фото- и видеоуслуги",
             "parent_id":269
          },
          {
             "id":281,
             "name":"Центры развлечения",
             "parent_id":269
          }
       ],
       "parent_id":null
    },
    {
       "id":282,
       "name":"Гостиницы, рестораны, общепит, кейтеринг",
       "industries":[
          {
             "id":283,
             "name":"Кейтеринг (выездное обслуживание)",
             "parent_id":282
          },
          {
             "id":284,
             "name":"Гостиница",
             "parent_id":282
          },
          {
             "id":285,
             "name":"Ресторан, общественное питание, фаст-фуд",
             "parent_id":282
          }
       ],
       "parent_id":null
    },
    {
       "id":286,
       "name":"ЖКХ",
       "industries":[
          {
             "id":287,
             "name":"Благоустройство и уборка территорий и зданий",
             "parent_id":286
          },
          {
             "id":288,
             "name":"Ремонт зданий и сооружений",
             "parent_id":286
          },
          {
             "id":289,
             "name":"Водоснабжение и канализация",
             "parent_id":286
          },
          {
             "id":290,
             "name":"Обеспечение пожарной безопасности, молниезащиты",
             "parent_id":286
          },
          {
             "id":291,
             "name":"Утилизация бытовых отходов",
             "parent_id":286
          },
          {
             "id":292,
             "name":"Лифтовое хозяйство (монтаж, сервис, ремонт)",
             "parent_id":286
          },
          {
             "id":293,
             "name":"Слаботочные сети (монтаж, сервис, ремонт)",
             "parent_id":286
          },
          {
             "id":294,
             "name":"Вентиляция и кондиционирование (монтаж, сервис, ремонт)",
             "parent_id":286
          },
          {
             "id":295,
             "name":"Энергоснабжение",
             "parent_id":286
          }
       ],
       "parent_id":null
    },
    {
       "id":296,
       "name":"Искусство, культура",
       "industries":[
          {
             "id":297,
             "name":"Ботанический сад, зоопарк, заповедник",
             "parent_id":296
          },
          {
             "id":298,
             "name":"Музей, галерея, театр",
             "parent_id":296
          },
          {
             "id":299,
             "name":"Архив, библиотека, искусствоведение",
             "parent_id":296
          }
       ],
       "parent_id":null
    },
    {
       "id":300,
       "name":"Промышленное оборудование, техника, станки и комплектующие",
       "industries":[
          {
             "id":301,
             "name":"Оборудование и станки для отраслей легкой промышленности (продвижение, оптовая торговля)",
             "parent_id":300
          },
          {
             "id":302,
             "name":"Оборудование и станки для металлургии и металлообработки (продвижение, оптовая торговля)",
             "parent_id":300
          },
          {
             "id":303,
             "name":"Оборудование для деревообработки, заготовки леса, целлюлозно-бумажной промышленности (продвижение, оптовая торговля)",
             "parent_id":300
          },
          {
             "id":304,
             "name":"Дорожно-строительная техника, сельскохозяйственная и другая спец.техника, оборудование, лифты, погрузочно-разгрузочное, складское оборудование (монтаж, сервис, ремонт)",
             "parent_id":300
          },
          {
             "id":305,
             "name":"Оборудование для пищевой промышленности, упаковки и хранения (производство)",
             "parent_id":300
          },
          {
             "id":306,
             "name":"Оборудование для деревообработки, заготовки леса, целлюлозно-бумажной промышленности (производство)",
             "parent_id":300
          },
          {
             "id":307,
             "name":"Оборудование для пищевой промышленности, упаковки и хранения (продвижение, оптовая торговля)",
             "parent_id":300
          },
          {
             "id":308,
             "name":"Оборудование для ресторанов, гостиниц, кейтеринга, розничной торговли  (продвижение, оптовая торговля)",
             "parent_id":300
          },
          {
             "id":309,
             "name":"Медицинское, диагностическое оборудование, инструменты (производство)",
             "parent_id":300
          },
          {
             "id":310,
             "name":"Медицинское, диагностическое оборудование, инструменты (монтаж, сервис, ремонт)",
             "parent_id":300
          },
          {
             "id":311,
             "name":"Оборудование для ресторанов, гостиниц, кейтеринга, розничной торговли (производство)",
             "parent_id":300
          },
          {
             "id":312,
             "name":"Оборудование и станки для отраслей легкой промышленности (производство)",
             "parent_id":300
          },
          {
             "id":313,
             "name":"Оборудование для деревообработки, заготовки леса, целлюлозно-бумажной промышленности (монтаж, сервис, ремонт)",
             "parent_id":300
          },
          {
             "id":314,
             "name":"Оборудование и станки для металлургии и металлообработки (производство)",
             "parent_id":300
          },
          {
             "id":315,
             "name":"Дорожно-строительная техника, сельскохозяйственная и другая спец.техника, оборудование, лифты, погрузочно-разгрузочное, складское оборудование (производство)",
             "parent_id":300
          },
          {
             "id":316,
             "name":"Медицинское, диагностическое оборудование, инструменты (продвижение, оптовая торговля)",
             "parent_id":300
          },
          {
             "id":317,
             "name":"Оборудование и станки для отраслей легкой промышленностии (монтаж, сервис, ремонт)",
             "parent_id":300
          },
          {
             "id":318,
             "name":"Оборудование и станки для добывающей, энергетической, нефтегазовой и химической отрасли  (продвижение, оптовая торговля)",
             "parent_id":300
          },
          {
             "id":319,
             "name":"Оборудование для ресторанов, гостиниц, кейтеринга, розничной торговли  (монтаж, сервис, ремонт)",
             "parent_id":300
          },
          {
             "id":320,
             "name":"Дорожно-строительная техника, сельскохозяйственная и другая спец.техника, оборудование, лифты, погрузочно-разгрузочное, складское оборудование (продвижение, оптовая торговля)",
             "parent_id":300
          },
          {
             "id":321,
             "name":"Оборудование и станки для добывающей, энергетической, нефтегазовой и химической отрасли  (производство)",
             "parent_id":300
          },
          {
             "id":322,
             "name":"Оборудование и станки для добывающей, энергетической, нефтегазовой и химической отрасли  (монтаж, сервис, ремонт)",
             "parent_id":300
          },
          {
             "id":323,
             "name":"Оборудование и станки для металлургии и металлообработки (монтаж, сервис, ремонт)",
             "parent_id":300
          },
          {
             "id":324,
             "name":"Оборудование для пищевой промышленности, упаковки и хранения (монтаж, сервис, ремонт)",
             "parent_id":300
          }
       ],
       "parent_id":null
    },
    {
       "id":325,
       "name":"Управление многопрофильными активами",
       "industries":[
          {
             "id":326,
             "name":"Управляющая компания группы, холдинга, штаб-квартира",
             "parent_id":325
          }
       ],
       "parent_id":null
    }
 ]