﻿[
    {
        "id": "1",
        "name": "A1 — Начальный"
    },
    {
        "id": "2",
        "name": "A2 — Элементарный"
    },
    {
        "id": "3",
        "name": "B1 — Средний"
    },
    {
        "id": "4",
        "name": "B2 — Средне-продвинутый"
    },
    {
        "id": "5",
        "name": "C1 — Продвинутый"
    },
    {
        "id": "6",
        "name": "C2 — В совершенстве"
    },
    {
        "id": "7",
        "name": "Родной"
    }
]