﻿[
    {
        "id": "1",
        "name": "Кыргызский"
    },
    {
        "id": "2",
        "name": "Бирманский"
    },
    {
        "id": "3",
        "name": "Удмуртский"
    },
    {
        "id": "4",
        "name": "Азербайджанский"
    },
    {
        "id": "5",
        "name": "Албанский"
    },
    {
        "id": "6",
        "name": "Арабский"
    },
    {
        "id": "7",
        "name": "Армянский"
    },
    {
        "id": "8",
        "name": "Африкаанс"
    },
    {
        "id": "9",
        "name": "Башкирский"
    },
    {
        "id": "10",
        "name": "Белорусский"
    },
    {
        "id": "11",
        "name": "Болгарский"
    },
    {
        "id": "12",
        "name": "Венгерский"
    },
    {
        "id": "13",
        "name": "Вьетнамский"
    },
    {
        "id": "14",
        "name": "Голландский"
    },
    {
        "id": "15",
        "name": "Греческий"
    },
    {
        "id": "16",
        "name": "Грузинский"
    },
    {
        "id": "17",
        "name": "Датский"
    },
    {
        "id": "18",
        "name": "Иврит"
    },
    {
        "id": "19",
        "name": "Испанский"
    },
    {
        "id": "20",
        "name": "Итальянский"
    },
    {
        "id": "21",
        "name": "Казахский"
    },
    {
        "id": "22",
        "name": "Китайский"
    },
    {
        "id": "23",
        "name": "Коми"
    },
    {
        "id": "24",
        "name": "Корейский"
    },
    {
        "id": "25",
        "name": "Курдский"
    },
    {
        "id": "26",
        "name": "Латышский"
    },
    {
        "id": "27",
        "name": "Литовский"
    },
    {
        "id": "28",
        "name": "Македонский"
    },
    {
        "id": "29",
        "name": "Монгольский"
    },
    {
        "id": "30",
        "name": "Норвежский"
    },
    {
        "id": "31",
        "name": "Персидский"
    },
    {
        "id": "32",
        "name": "Польский"
    },
    {
        "id": "33",
        "name": "Португальский"
    },
    {
        "id": "34",
        "name": "Румынский"
    },
    {
        "id": "35",
        "name": "Русский"
    },
    {
        "id": "36",
        "name": "Санскрит"
    },
    {
        "id": "37",
        "name": "Сербский"
    },
    {
        "id": "38",
        "name": "Словацкий"
    },
    {
        "id": "39",
        "name": "Словенский"
    },
    {
        "id": "40",
        "name": "Суахили"
    },
    {
        "id": "41",
        "name": "Таджикский"
    },
    {
        "id": "42",
        "name": "Тайский"
    },
    {
        "id": "43",
        "name": "Татарский"
    },
    {
        "id": "44",
        "name": "Турецкий"
    },
    {
        "id": "45",
        "name": "Туркменский"
    },
    {
        "id": "46",
        "name": "Узбекский"
    },
    {
        "id": "47",
        "name": "Украинский"
    },
    {
        "id": "48",
        "name": "Урду"
    },
    {
        "id": "49",
        "name": "Финский"
    },
    {
        "id": "50",
        "name": "Хорватский"
    },
    {
        "id": "51",
        "name": "Чеченский"
    },
    {
        "id": "52",
        "name": "Чешский"
    },
    {
        "id": "53",
        "name": "Чувашский"
    },
    {
        "id": "54",
        "name": "Шведский"
    },
    {
        "id": "55",
        "name": "Эстонский"
    },
    {
        "id": "56",
        "name": "Японский"
    },
    {
        "id": "57",
        "name": "Хинди"
    },
    {
        "id": "58",
        "name": "Английский"
    },
    {
        "id": "59",
        "name": "Немецкий"
    },
    {
        "id": "60",
        "name": "Французский"
    },
    {
        "id": "61",
        "name": "Индонезийский"
    },
    {
        "id": "62",
        "name": "Ингушский"
    },
    {
        "id": "63",
        "name": "Кашмирский"
    },
    {
        "id": "64",
        "name": "Эсперанто"
    },
    {
        "id": "65",
        "name": "Кхмерский (Камбоджийский)"
    },
    {
        "id": "66",
        "name": "Креольский (Сейшельские острова)"
    },
    {
        "id": "67",
        "name": "Абхазский"
    },
    {
        "id": "68",
        "name": "Осетинский"
    },
    {
        "id": "69",
        "name": "Кабардино-черкесский"
    },
    {
        "id": "70",
        "name": "Карачаево-балкарский"
    },
    {
        "id": "71",
        "name": "Каталанский"
    },
    {
        "id": "72",
        "name": "Уйгурский"
    },
    {
        "id": "73",
        "name": "Абазинский"
    },
    {
        "id": "74",
        "name": "Кумыкский"
    },
    {
        "id": "75",
        "name": "Тамильский"
    },
    {
        "id": "76",
        "name": "Латинский"
    },
    {
        "id": "77",
        "name": "Малазийский"
    },
    {
        "id": "78",
        "name": "Ногайский"
    },
    {
        "id": "79",
        "name": "Амхарский"
    },
    {
        "id": "80",
        "name": "Даргинский"
    },
    {
        "id": "81",
        "name": "Аварский"
    },
    {
        "id": "82",
        "name": "Баскский"
    },
    {
        "id": "83",
        "name": "Бенгальский"
    },
    {
        "id": "84",
        "name": "Боснийский"
    },
    {
        "id": "85",
        "name": "Бурятский"
    },
    {
        "id": "86",
        "name": "Дагестанский"
    },
    {
        "id": "87",
        "name": "Ирландский"
    },
    {
        "id": "88",
        "name": "Исландский"
    },
    {
        "id": "89",
        "name": "Карельский"
    },
    {
        "id": "90",
        "name": "Лакский"
    },
    {
        "id": "91",
        "name": "Лаосский"
    },
    {
        "id": "92",
        "name": "Лезгинский"
    },
    {
        "id": "93",
        "name": "Марийский"
    },
    {
        "id": "94",
        "name": "Непальский"
    },
    {
        "id": "95",
        "name": "Панджаби"
    },
    {
        "id": "96",
        "name": "Пушту"
    },
    {
        "id": "97",
        "name": "Сомалийский"
    },
    {
        "id": "98",
        "name": "Тагальский"
    },
    {
        "id": "99",
        "name": "Талышский"
    },
    {
        "id": "100",
        "name": "Тибетский"
    },
    {
        "id": "101",
        "name": "Тувинский"
    },
    {
        "id": "102",
        "name": "Фламандский"
    },
    {
        "id": "103",
        "name": "Мансийский"
    },
    {
        "id": "104",
        "name": "Якутский"
    }
]